AppointmentID,Age,Gender,SMS_Reminder,Weekday,LeadTimeDays,NoShow
1,48,M,0,Tuesday,29,1
2,37,F,1,Monday,19,0
3,51,M,1,Tuesday,2,0
4,67,F,0,Wednesday,22,0
5,35,F,1,Saturday,18,1
6,35,M,1,Thursday,17,0
7,68,F,0,Friday,25,1
8,53,M,1,Thursday,23,0
9,31,M,0,Monday,3,1
10,49,F,1,Friday,7,0
11,31,F,0,Tuesday,16,0
12,31,M,1,Thursday,4,0
13,44,M,0,Tuesday,12,0
14,5,F,1,Saturday,24,0
15,8,F,0,Tuesday,0,0
16,29,F,1,Tuesday,26,1
17,21,F,1,Saturday,12,0
18,45,M,1,Monday,3,1
19,23,M,1,Thursday,21,1
20,14,M,1,Friday,25,0
21,66,M,1,Friday,23,1
22,35,F,1,Saturday,13,0
23,41,F,0,Saturday,2,1
24,14,M,1,Monday,4,0
25,30,M,1,Friday,6,0
26,41,M,1,Thursday,0,0
27,19,M,1,Thursday,22,0
28,46,M,0,Monday,28,0
29,29,M,0,Thursday,11,0
30,34,M,1,Saturday,10,0
31,29,M,1,Saturday,23,1
32,73,M,1,Wednesday,7,0
33,39,F,1,Monday,24,0
34,20,M,1,Wednesday,5,0
35,54,F,0,Friday,27,1
36,18,F,1,Thursday,21,1
37,43,M,1,Wednesday,1,0
38,4,M,0,Monday,18,0
39,16,F,1,Wednesday,19,0
40,43,F,1,Wednesday,19,0
41,53,M,0,Saturday,23,1
42,43,F,0,Thursday,13,0
43,37,M,1,Tuesday,0,1
44,34,M,0,Wednesday,9,0
45,13,M,1,Monday,15,1
46,27,F,1,Saturday,29,0
47,31,F,1,Wednesday,3,1
48,59,M,1,Wednesday,26,1
49,46,F,0,Tuesday,27,1
50,8,F,1,Thursday,28,0
51,45,F,0,Thursday,10,0
52,33,F,1,Thursday,15,0
53,27,F,0,Tuesday,26,0
54,51,F,1,Tuesday,19,0
55,58,F,0,Monday,0,0
56,56,M,0,Thursday,15,0
57,24,F,0,Monday,18,0
58,34,F,0,Thursday,20,0
59,45,F,1,Friday,21,0
60,57,F,0,Friday,8,0
61,31,F,1,Wednesday,8,0
62,36,F,1,Wednesday,8,0
63,20,F,1,Monday,26,0
64,18,F,0,Thursday,16,1
65,54,M,0,Friday,11,1
66,64,F,1,Tuesday,24,1
67,38,F,0,Wednesday,12,1
68,58,F,0,Friday,7,0
69,46,F,1,Friday,15,0
70,28,M,1,Tuesday,17,0
71,46,M,1,Thursday,28,0
72,67,M,0,Tuesday,26,0
73,39,M,1,Monday,0,0
74,68,M,0,Saturday,0,0
75,0,M,0,Friday,11,0
76,54,M,1,Friday,5,0
77,41,M,0,Monday,8,0
78,34,M,0,Friday,22,0
79,41,M,0,Wednesday,4,0
80,4,M,1,Tuesday,26,0
81,36,M,1,Thursday,15,0
82,46,M,1,Monday,17,1
83,66,M,1,Friday,16,0
84,30,M,0,Thursday,17,0
85,25,M,1,Tuesday,0,0
86,30,F,0,Tuesday,18,0
87,56,M,0,Tuesday,21,1
88,45,F,1,Monday,28,0
89,30,M,1,Thursday,7,0
90,49,M,0,Friday,2,1
91,41,F,0,Monday,25,1
92,57,M,0,Monday,24,0
93,27,F,0,Thursday,25,0
94,34,F,1,Friday,4,0
95,32,F,1,Tuesday,22,0
96,13,M,1,Tuesday,7,0
97,45,M,1,Thursday,18,1
98,44,M,0,Tuesday,17,1
99,40,F,1,Monday,17,1
100,35,F,1,Friday,20,0
101,14,M,1,Thursday,0,0
102,32,M,1,Thursday,14,0
103,33,M,1,Friday,17,1
104,25,M,0,Thursday,28,1
105,37,M,1,Tuesday,24,0
106,47,F,0,Tuesday,6,0
107,73,F,0,Monday,15,0
108,43,F,0,Monday,15,1
109,44,M,0,Thursday,14,1
110,38,F,1,Friday,5,0
111,5,F,1,Saturday,8,0
112,39,F,1,Thursday,6,0
113,41,F,1,Tuesday,13,0
114,84,F,1,Monday,10,0
115,36,M,0,Friday,20,0
116,45,F,0,Thursday,15,1
117,39,M,1,Thursday,24,0
118,18,M,1,Friday,5,1
119,60,M,1,Thursday,21,0
120,53,M,0,Friday,26,0
121,54,M,0,Monday,15,0
122,23,F,1,Friday,19,0
123,65,F,0,Friday,28,0
124,14,M,0,Tuesday,15,0
125,50,M,1,Thursday,11,0
126,79,M,0,Tuesday,16,0
127,22,F,1,Saturday,4,0
128,29,M,0,Monday,26,0
129,41,F,0,Thursday,24,0
130,30,M,0,Monday,12,0
131,12,F,1,Thursday,7,1
132,41,M,0,Monday,23,0
133,20,F,1,Tuesday,4,1
134,48,M,0,Wednesday,11,0
135,23,F,1,Saturday,8,1
136,67,F,0,Tuesday,2,0
137,25,F,1,Monday,2,0
138,34,F,1,Friday,0,0
139,54,F,1,Wednesday,24,0
140,17,F,0,Saturday,21,0
141,44,F,0,Monday,17,0
142,63,M,0,Thursday,23,0
143,11,M,1,Tuesday,11,0
144,43,M,1,Monday,8,0
145,44,M,1,Thursday,8,0
146,54,M,0,Thursday,17,1
147,17,F,0,Friday,17,0
148,16,F,0,Tuesday,28,0
149,49,F,1,Wednesday,6,0
150,45,F,1,Wednesday,26,0
151,44,F,1,Saturday,3,0
152,46,M,0,Tuesday,12,0
153,27,M,1,Tuesday,16,0
154,44,M,1,Tuesday,23,1
155,45,M,0,Thursday,1,1
156,27,F,1,Tuesday,13,0
157,73,F,1,Saturday,2,0
158,48,F,1,Tuesday,4,0
159,18,M,1,Friday,13,0
160,51,F,0,Monday,2,0
161,22,M,0,Thursday,22,0
162,54,F,1,Saturday,6,0
163,60,F,0,Monday,29,1
164,25,M,1,Saturday,17,0
165,57,F,1,Wednesday,12,0
166,47,F,1,Saturday,28,0
167,54,M,1,Thursday,22,0
168,74,F,0,Tuesday,26,0
169,35,M,0,Tuesday,21,0
170,26,F,0,Tuesday,9,0
171,23,F,1,Monday,24,0
172,25,F,0,Monday,12,0
173,38,F,0,Monday,15,0
174,46,F,1,Wednesday,8,0
175,44,F,1,Friday,1,1
176,54,F,0,Monday,22,0
177,40,F,0,Monday,4,0
178,66,M,1,Thursday,28,0
179,35,M,0,Tuesday,21,0
180,88,F,0,Monday,16,0
181,51,F,0,Monday,22,0
182,24,M,1,Saturday,21,0
183,20,F,0,Friday,3,0
184,48,F,1,Tuesday,16,0
185,35,M,1,Thursday,8,0
186,52,F,1,Wednesday,19,0
187,48,F,0,Thursday,1,0
188,38,M,1,Thursday,23,0
189,24,F,1,Thursday,17,1
190,12,F,1,Tuesday,20,0
191,31,M,1,Monday,26,0
192,55,F,1,Wednesday,21,0
193,43,M,1,Friday,10,0
194,17,F,1,Thursday,12,0
195,43,F,1,Friday,7,0
196,46,M,0,Saturday,26,0
197,24,M,0,Monday,0,0
198,42,F,0,Thursday,16,0
199,41,M,1,Thursday,11,0
200,19,M,1,Saturday,3,0
201,46,F,1,Saturday,20,1
202,50,F,1,Thursday,12,0
203,59,F,1,Tuesday,28,0
204,58,M,1,Friday,8,0
205,15,M,0,Monday,26,1
206,23,M,1,Friday,29,0
207,49,M,0,Saturday,6,1
208,49,F,0,Wednesday,22,0
209,49,M,0,Thursday,23,0
210,100,F,0,Wednesday,4,0
211,50,M,1,Wednesday,4,0
212,60,F,1,Tuesday,16,0
213,57,F,0,Friday,29,1
214,51,F,1,Saturday,8,0
215,34,M,1,Saturday,5,0
216,53,F,0,Monday,24,0
217,26,F,1,Friday,18,0
218,35,M,0,Friday,15,0
219,31,F,1,Tuesday,20,0
220,41,M,1,Monday,1,0
221,81,M,0,Tuesday,9,0
222,6,F,0,Saturday,15,1
223,52,F,1,Thursday,4,0
224,10,M,1,Friday,14,0
225,31,F,0,Tuesday,12,0
226,59,M,1,Thursday,12,0
227,41,M,1,Monday,12,0
228,20,M,1,Wednesday,14,0
229,27,F,1,Thursday,13,0
230,52,M,1,Monday,7,0
231,26,F,1,Friday,10,0
232,43,F,1,Tuesday,17,1
233,40,F,0,Thursday,23,0
234,28,F,0,Wednesday,3,0
235,78,M,0,Thursday,25,0
236,51,F,1,Monday,9,0
237,3,M,1,Monday,0,0
238,43,M,0,Saturday,28,1
239,28,F,1,Tuesday,4,0
240,55,M,1,Friday,12,1
241,25,M,0,Saturday,0,0
242,37,F,1,Tuesday,22,0
243,49,M,0,Tuesday,7,0
244,55,M,0,Thursday,2,0
245,18,M,1,Saturday,2,0
246,33,M,1,Saturday,6,1
247,31,F,0,Wednesday,3,0
248,28,M,1,Friday,2,0
249,71,M,1,Monday,14,0
250,47,M,0,Saturday,7,1
251,17,M,0,Saturday,2,0
252,56,F,1,Monday,28,0
253,78,M,0,Tuesday,29,0
254,58,F,1,Monday,6,0
255,12,M,1,Tuesday,17,1
256,31,F,1,Friday,10,0
257,62,F,0,Wednesday,10,0
258,27,F,1,Monday,16,1
259,47,F,1,Tuesday,27,0
260,53,F,0,Saturday,5,0
261,23,M,0,Thursday,7,1
262,38,M,0,Wednesday,0,1
263,0,M,1,Monday,28,0
264,21,F,1,Saturday,9,1
265,35,M,0,Friday,27,1
266,17,F,1,Tuesday,24,1
267,69,F,0,Monday,18,1
268,14,M,1,Monday,2,0
269,32,M,0,Monday,3,0
270,42,F,1,Thursday,10,0
271,65,F,1,Saturday,14,0
272,14,M,1,Wednesday,0,0
273,60,M,0,Friday,8,0
274,40,M,0,Wednesday,10,0
275,22,M,1,Thursday,18,0
276,48,F,0,Friday,12,0
277,43,M,0,Monday,25,1
278,29,M,0,Wednesday,15,0
279,41,M,1,Thursday,3,0
280,33,F,1,Monday,0,0
281,42,F,1,Wednesday,19,0
282,51,F,0,Wednesday,12,1
283,68,F,0,Saturday,0,0
284,17,M,1,Wednesday,4,0
285,78,F,1,Friday,4,0
286,4,M,0,Wednesday,13,0
287,37,M,1,Friday,26,0
288,50,M,0,Thursday,22,0
289,45,M,1,Friday,13,0
290,28,F,0,Wednesday,7,1
291,36,F,1,Thursday,3,0
292,31,F,1,Thursday,6,0
293,29,M,1,Wednesday,19,0
294,55,M,0,Monday,18,0
295,46,M,1,Monday,14,0
296,27,M,1,Monday,21,0
297,56,M,0,Friday,3,1
298,45,F,1,Tuesday,29,0
299,54,M,1,Tuesday,18,1
300,51,F,1,Friday,8,0
301,25,M,1,Tuesday,20,1
302,29,M,0,Wednesday,12,0
303,53,F,1,Monday,13,0
304,50,F,0,Saturday,22,0
305,39,M,1,Friday,27,1
306,42,M,1,Friday,13,0
307,62,M,1,Wednesday,21,0
308,29,M,0,Friday,9,0
309,49,F,0,Monday,15,0
310,36,M,1,Monday,4,0
311,36,F,1,Monday,22,0
312,59,M,1,Thursday,26,1
313,54,F,1,Wednesday,5,0
314,54,F,1,Wednesday,25,0
315,63,M,0,Monday,1,0
316,40,F,0,Wednesday,12,0
317,52,M,0,Thursday,28,0
318,34,F,0,Wednesday,12,0
319,45,M,1,Friday,18,0
320,37,F,1,Tuesday,17,0
321,41,M,1,Friday,27,0
322,50,M,0,Thursday,18,0
323,25,F,0,Tuesday,0,0
324,77,F,0,Tuesday,7,0
325,21,F,0,Thursday,21,1
326,18,F,1,Friday,15,0
327,60,M,0,Wednesday,28,0
328,54,F,1,Tuesday,1,0
329,51,M,0,Friday,7,0
330,51,F,1,Thursday,5,0
331,39,M,1,Wednesday,15,0
332,23,M,0,Wednesday,22,1
333,41,M,1,Tuesday,10,0
334,27,M,1,Thursday,16,0
335,57,F,1,Tuesday,22,0
336,37,F,0,Saturday,18,0
337,25,M,1,Wednesday,10,0
338,34,F,1,Wednesday,27,0
339,47,F,1,Thursday,7,0
340,29,M,1,Saturday,21,0
341,25,F,1,Friday,3,0
342,44,F,1,Wednesday,10,0
343,44,F,1,Thursday,7,0
344,30,M,1,Thursday,8,0
345,31,F,1,Wednesday,25,0
346,44,M,1,Tuesday,1,0
347,13,F,1,Wednesday,15,0
348,14,F,1,Tuesday,5,1
349,27,F,0,Saturday,20,1
350,36,M,1,Tuesday,20,0
351,45,M,1,Saturday,25,0
352,66,F,1,Wednesday,26,0
353,55,M,1,Thursday,18,0
354,37,F,0,Thursday,27,0
355,39,M,1,Monday,7,0
356,21,M,0,Wednesday,13,0
357,39,F,1,Monday,23,0
358,34,F,1,Thursday,15,0
359,45,F,1,Wednesday,11,0
360,25,F,0,Friday,4,0
361,49,M,1,Tuesday,23,0
362,67,M,0,Monday,25,0
363,38,M,0,Wednesday,23,0
364,47,F,0,Saturday,18,0
365,52,F,0,Thursday,17,1
366,32,M,1,Wednesday,8,0
367,44,F,1,Wednesday,1,0
368,40,M,0,Monday,24,0
369,41,M,1,Saturday,19,0
370,26,M,0,Thursday,11,0
371,40,M,1,Tuesday,28,1
372,48,M,1,Thursday,1,0
373,66,F,1,Monday,9,0
374,57,F,1,Saturday,0,0
375,78,F,1,Monday,3,0
376,26,M,0,Thursday,24,0
377,55,M,1,Tuesday,11,0
378,43,M,0,Thursday,8,0
379,79,M,1,Friday,3,0
380,25,F,1,Thursday,8,1
381,24,F,1,Thursday,27,1
382,29,M,0,Friday,5,0
383,1,M,1,Monday,0,0
384,30,M,0,Tuesday,9,0
385,26,F,1,Tuesday,28,0
386,42,F,0,Saturday,13,0
387,46,F,0,Wednesday,21,0
388,73,M,1,Friday,24,1
389,57,M,1,Thursday,28,0
390,29,F,0,Tuesday,17,0
391,23,M,0,Tuesday,5,0
392,48,F,1,Tuesday,17,0
393,16,M,1,Wednesday,19,0
394,72,F,1,Tuesday,15,0
395,61,M,0,Monday,14,1
396,31,F,0,Friday,15,0
397,9,F,0,Saturday,7,1
398,64,F,0,Tuesday,12,1
399,37,F,1,Tuesday,22,0
400,62,F,1,Monday,10,0
401,11,F,0,Thursday,27,0
402,29,M,0,Friday,28,0
403,40,M,0,Monday,24,0
404,40,M,1,Monday,6,0
405,31,F,1,Friday,16,0
406,51,F,0,Thursday,17,0
407,20,M,0,Monday,21,0
408,37,F,1,Thursday,22,0
409,42,F,1,Tuesday,18,1
410,49,F,1,Wednesday,24,0
411,52,F,0,Friday,12,1
412,19,F,0,Friday,14,0
413,12,M,1,Wednesday,22,0
414,62,M,0,Saturday,29,0
415,45,M,0,Wednesday,21,0
416,26,M,1,Friday,28,0
417,67,M,0,Wednesday,21,0
418,42,F,1,Friday,0,0
419,61,F,0,Saturday,28,0
420,41,F,0,Monday,15,0
421,77,F,1,Saturday,4,0
422,71,M,0,Friday,25,0
423,35,M,1,Friday,2,0
424,57,M,1,Tuesday,22,1
425,51,F,0,Friday,9,0
426,64,M,1,Friday,18,0
427,22,F,0,Tuesday,4,0
428,52,M,1,Saturday,6,0
429,59,M,0,Monday,13,0
430,8,F,1,Monday,2,0
431,18,F,0,Wednesday,12,0
432,3,M,1,Thursday,12,0
433,35,M,1,Thursday,9,1
434,52,F,1,Monday,1,1
435,67,M,0,Saturday,5,0
436,41,M,0,Monday,7,0
437,69,F,1,Monday,3,0
438,15,M,1,Monday,24,1
439,9,F,0,Thursday,11,0
440,39,M,1,Saturday,27,0
441,46,F,0,Thursday,14,1
442,39,M,1,Friday,7,0
443,2,F,0,Monday,6,0
444,38,M,0,Thursday,13,0
445,16,F,1,Wednesday,22,1
446,52,M,0,Wednesday,18,1
447,46,M,1,Monday,13,0
448,23,M,1,Thursday,21,1
449,30,M,0,Wednesday,12,0
450,20,M,0,Friday,28,1
451,38,M,1,Wednesday,20,0
452,57,M,0,Monday,0,1
453,22,M,1,Thursday,26,0
454,49,M,1,Monday,18,1
455,30,F,1,Friday,28,0
456,25,F,0,Thursday,27,0
457,38,M,0,Monday,0,0
458,21,F,0,Saturday,3,1
459,30,M,0,Wednesday,9,1
460,18,M,1,Monday,2,0
461,75,F,1,Thursday,26,0
462,40,M,0,Tuesday,19,0
463,27,M,0,Friday,8,1
464,43,F,0,Friday,2,0
465,37,F,1,Saturday,27,1
466,36,M,0,Wednesday,5,0
467,51,F,1,Wednesday,5,0
468,53,F,0,Friday,22,0
469,30,M,1,Monday,24,0
470,29,F,1,Thursday,11,0
471,35,F,0,Thursday,22,1
472,0,M,0,Monday,29,1
473,12,F,1,Wednesday,0,0
474,64,F,0,Friday,15,0
475,69,M,1,Friday,23,0
476,35,M,1,Monday,4,0
477,50,M,1,Monday,8,0
478,45,F,1,Tuesday,9,0
479,95,M,0,Friday,12,0
480,60,M,0,Monday,14,0
481,37,F,1,Thursday,11,1
482,22,M,0,Monday,4,1
483,11,M,1,Thursday,4,0
484,43,M,0,Tuesday,27,1
485,26,M,0,Friday,27,0
486,14,F,1,Tuesday,29,0
487,28,M,0,Thursday,17,0
488,20,M,1,Tuesday,11,0
489,70,F,1,Thursday,26,0
490,55,M,1,Friday,2,1
491,39,F,1,Monday,25,0
492,66,F,1,Friday,24,0
493,41,F,1,Thursday,6,0
494,24,M,0,Monday,16,0
495,67,F,1,Wednesday,18,0
496,49,F,1,Monday,27,0
497,21,F,1,Thursday,17,0
498,36,M,1,Friday,0,0
499,24,M,0,Monday,24,1
500,15,M,1,Wednesday,23,0
501,56,M,1,Friday,4,0
502,74,M,0,Saturday,26,0
503,14,M,1,Wednesday,27,0
504,50,M,1,Saturday,1,0
505,28,F,1,Wednesday,0,0
506,31,F,1,Wednesday,6,0
507,29,F,1,Friday,28,1
508,24,F,0,Wednesday,10,1
509,40,M,1,Wednesday,10,1
510,25,F,0,Wednesday,17,0
511,44,F,1,Friday,16,0
512,39,F,1,Friday,1,0
513,35,F,0,Wednesday,6,1
514,23,M,0,Tuesday,6,0
515,29,M,1,Wednesday,9,0
516,53,M,0,Thursday,21,0
517,49,F,1,Tuesday,20,0
518,22,M,0,Friday,2,0
519,41,F,0,Wednesday,29,0
520,53,M,1,Tuesday,11,0
521,9,M,1,Monday,2,0
522,49,M,1,Tuesday,10,0
523,28,M,0,Saturday,28,0
524,50,M,1,Tuesday,11,1
525,26,F,1,Monday,24,0
526,7,M,1,Wednesday,3,0
527,10,F,1,Tuesday,24,0
528,40,F,1,Monday,15,0
529,44,F,1,Tuesday,19,0
530,23,F,0,Thursday,17,0
531,51,F,1,Thursday,3,0
532,10,M,0,Tuesday,21,0
533,38,M,1,Wednesday,5,0
534,18,M,0,Saturday,20,1
535,28,M,1,Wednesday,14,0
536,40,F,1,Tuesday,0,0
537,24,M,0,Tuesday,2,1
538,33,M,0,Wednesday,4,0
539,58,F,0,Friday,21,0
540,29,F,1,Tuesday,29,0
541,55,M,1,Thursday,16,0
542,19,M,0,Monday,29,0
543,49,F,1,Wednesday,13,0
544,65,M,0,Friday,8,0
545,0,M,1,Tuesday,29,0
546,25,M,1,Thursday,2,1
547,50,M,0,Tuesday,25,0
548,36,F,1,Friday,12,0
549,46,F,0,Monday,2,0
550,29,F,0,Friday,10,0
551,41,M,0,Tuesday,1,0
552,37,M,0,Friday,23,0
553,61,M,1,Tuesday,14,0
554,44,M,1,Friday,12,0
555,46,M,1,Tuesday,18,0
556,32,F,0,Saturday,21,0
557,31,M,0,Monday,15,0
558,32,M,1,Monday,17,0
559,47,F,1,Wednesday,6,0
560,32,M,0,Monday,12,0
561,45,F,1,Tuesday,3,0
562,77,F,1,Saturday,8,1
563,55,F,1,Saturday,29,0
564,34,F,1,Wednesday,9,0
565,61,F,0,Saturday,8,0
566,32,M,0,Thursday,6,0
567,3,F,1,Tuesday,14,0
568,21,F,0,Thursday,27,1
569,6,M,1,Thursday,7,0
570,33,M,1,Saturday,18,1
571,40,F,0,Tuesday,10,0
572,70,M,1,Thursday,4,0
573,45,M,0,Monday,1,1
574,36,F,1,Monday,9,0
575,54,F,1,Monday,15,0
576,0,M,1,Saturday,22,0
577,44,F,1,Friday,12,0
578,53,F,1,Friday,7,0
579,13,M,1,Wednesday,8,0
580,60,F,1,Tuesday,10,0
581,46,F,0,Monday,10,0
582,32,F,0,Tuesday,22,0
583,51,F,0,Wednesday,25,0
584,80,F,0,Friday,15,0
585,43,M,1,Wednesday,9,0
586,44,M,1,Monday,28,0
587,31,F,1,Monday,23,1
588,24,M,0,Monday,11,0
589,54,F,1,Wednesday,24,0
590,24,F,0,Saturday,5,0
591,41,F,1,Thursday,27,0
592,31,F,1,Friday,11,1
593,48,F,0,Wednesday,9,0
594,46,M,0,Wednesday,17,0
595,58,M,0,Monday,17,0
596,30,F,1,Friday,3,0
597,35,M,1,Friday,8,0
598,22,F,1,Monday,6,0
599,32,M,0,Wednesday,17,0
600,46,F,1,Wednesday,7,0
601,53,M,1,Thursday,10,0
602,23,F,1,Saturday,6,0
603,55,F,0,Thursday,8,0
604,64,M,0,Thursday,7,0
605,47,M,1,Monday,2,0
606,73,F,0,Monday,16,0
607,26,M,0,Tuesday,1,0
608,17,F,0,Monday,14,1
609,7,M,1,Friday,13,0
610,66,M,1,Friday,28,0
611,51,F,1,Monday,17,0
612,38,M,1,Friday,15,0
613,45,M,1,Monday,19,0
614,19,F,0,Tuesday,21,0
615,84,M,1,Tuesday,3,0
616,42,F,0,Wednesday,24,1
617,41,F,1,Tuesday,19,0
618,53,F,0,Wednesday,5,0
619,48,F,0,Wednesday,5,0
620,44,F,0,Saturday,25,0
621,25,M,0,Monday,10,0
622,48,F,0,Monday,25,0
623,73,F,0,Monday,16,0
624,64,M,1,Thursday,23,0
625,68,M,1,Monday,27,0
626,30,M,1,Friday,2,0
627,22,F,1,Wednesday,12,0
628,37,F,1,Wednesday,21,0
629,41,F,1,Thursday,2,0
630,59,M,1,Monday,15,0
631,9,F,0,Tuesday,14,0
632,67,M,0,Tuesday,10,0
633,37,F,1,Thursday,17,0
634,32,M,1,Tuesday,14,0
635,21,F,1,Monday,4,0
636,10,F,0,Saturday,15,1
637,54,F,0,Monday,29,1
638,41,M,1,Friday,15,0
639,16,M,0,Friday,16,1
640,16,F,1,Tuesday,8,0
641,33,F,1,Monday,26,0
642,70,F,1,Monday,22,1
643,35,M,1,Thursday,2,0
644,12,F,1,Thursday,19,0
645,35,F,1,Friday,12,0
646,35,F,1,Saturday,21,0
647,0,F,1,Thursday,2,0
648,39,M,0,Monday,27,0
649,35,M,0,Tuesday,6,0
650,52,F,0,Friday,28,1
651,73,F,1,Tuesday,5,0
652,60,M,1,Monday,8,1
653,35,M,1,Thursday,11,0
654,20,F,0,Wednesday,14,0
655,86,M,0,Saturday,20,1
656,41,M,1,Thursday,19,0
657,40,F,0,Monday,2,0
658,39,M,1,Saturday,9,0
659,43,M,1,Tuesday,0,0
660,37,F,1,Tuesday,18,1
661,29,F,0,Wednesday,18,0
662,30,M,0,Monday,22,0
663,39,F,0,Wednesday,22,1
664,30,M,1,Monday,12,1
665,27,F,1,Wednesday,11,0
666,41,M,0,Tuesday,0,1
667,35,F,1,Friday,18,0
668,67,M,1,Friday,28,1
669,0,M,0,Monday,23,1
670,59,M,1,Wednesday,15,0
671,62,F,1,Wednesday,24,0
672,2,F,0,Monday,22,0
673,33,M,0,Friday,22,0
674,33,M,1,Thursday,27,0
675,14,F,1,Tuesday,14,1
676,25,F,1,Wednesday,15,0
677,20,F,1,Monday,10,0
678,71,F,1,Thursday,23,0
679,56,F,0,Monday,5,0
680,62,F,1,Saturday,10,0
681,52,M,1,Friday,2,0
682,19,F,0,Wednesday,14,0
683,30,M,1,Thursday,0,0
684,48,F,1,Saturday,6,0
685,18,F,0,Thursday,0,1
686,52,M,1,Monday,16,0
687,35,M,0,Wednesday,8,0
688,33,F,0,Friday,28,0
689,52,M,0,Thursday,25,0
690,47,M,1,Thursday,22,0
691,33,M,1,Friday,12,0
692,60,M,0,Friday,10,1
693,20,F,1,Saturday,28,0
694,51,M,0,Monday,19,0
695,50,F,1,Thursday,5,0
696,34,F,1,Friday,0,0
697,45,F,1,Friday,6,0
698,17,F,1,Thursday,11,1
699,56,M,0,Monday,21,0
700,36,M,0,Friday,19,0
701,30,F,1,Friday,22,0
702,58,F,1,Monday,18,1
703,27,F,0,Wednesday,16,0
704,14,F,0,Monday,3,0
705,11,M,0,Tuesday,2,0
706,50,F,1,Monday,0,0
707,16,M,0,Wednesday,17,1
708,71,F,1,Thursday,26,0
709,2,F,1,Thursday,20,0
710,70,F,1,Thursday,14,1
711,43,F,0,Friday,7,1
712,38,M,1,Tuesday,0,0
713,30,M,0,Monday,19,1
714,47,M,1,Friday,13,0
715,39,F,1,Monday,3,0
716,59,F,0,Saturday,4,1
717,42,M,1,Friday,22,0
718,42,M,1,Wednesday,12,0
719,33,F,1,Saturday,27,0
720,38,F,0,Monday,23,0
721,45,M,1,Tuesday,14,0
722,9,F,1,Thursday,5,0
723,15,F,1,Tuesday,0,0
724,53,M,1,Saturday,22,0
725,43,F,0,Monday,18,0
726,36,M,1,Thursday,12,1
727,40,F,1,Thursday,28,0
728,46,M,1,Thursday,28,0
729,30,F,1,Tuesday,5,0
730,25,M,0,Wednesday,14,0
731,43,M,0,Friday,15,1
732,22,M,0,Tuesday,23,0
733,47,M,0,Friday,22,0
734,9,F,1,Thursday,15,0
735,58,F,0,Friday,9,0
736,48,M,0,Thursday,21,0
737,44,F,1,Tuesday,8,0
738,57,F,1,Thursday,8,0
739,69,F,1,Friday,16,0
740,58,F,1,Wednesday,16,0
741,6,F,0,Saturday,16,1
742,16,M,1,Wednesday,23,0
743,28,M,1,Monday,11,0
744,40,M,0,Wednesday,12,0
745,49,M,1,Saturday,29,0
746,26,F,1,Tuesday,11,0
747,43,F,0,Friday,13,0
748,26,M,0,Friday,9,0
749,28,F,0,Tuesday,22,0
750,14,F,0,Monday,18,1
751,23,M,1,Friday,28,1
752,15,F,1,Tuesday,1,0
753,22,M,0,Friday,3,0
754,58,M,1,Wednesday,18,0
755,22,F,1,Wednesday,6,0
756,87,F,1,Friday,25,1
757,48,M,1,Wednesday,14,0
758,43,M,0,Wednesday,14,0
759,24,F,1,Wednesday,23,0
760,52,M,1,Wednesday,5,0
761,29,M,1,Wednesday,2,0
762,42,M,1,Friday,5,1
763,86,F,0,Wednesday,15,0
764,38,M,1,Wednesday,1,0
765,60,F,0,Thursday,27,0
766,27,M,1,Tuesday,6,1
767,39,F,1,Tuesday,29,0
768,71,M,0,Saturday,10,0
769,28,F,1,Friday,25,0
770,72,F,0,Thursday,29,1
771,52,F,1,Thursday,6,0
772,29,M,1,Monday,3,0
773,51,M,1,Thursday,28,0
774,57,M,1,Wednesday,23,0
775,51,F,1,Thursday,19,0
776,11,M,1,Tuesday,6,0
777,26,F,1,Monday,3,0
778,35,M,1,Tuesday,28,0
779,38,F,0,Saturday,11,0
780,51,F,1,Wednesday,4,0
781,43,F,0,Wednesday,22,0
782,15,M,1,Monday,28,0
783,46,M,0,Monday,29,0
784,50,M,0,Thursday,29,0
785,50,F,1,Wednesday,28,0
786,59,F,1,Wednesday,25,1
787,55,M,0,Tuesday,18,0
788,48,M,0,Friday,25,0
789,38,M,1,Monday,4,0
790,10,F,1,Tuesday,26,0
791,47,F,0,Wednesday,29,0
792,43,F,0,Tuesday,18,0
793,44,F,1,Tuesday,20,0
794,17,F,0,Thursday,29,0
795,20,M,1,Thursday,2,0
796,58,F,1,Friday,26,0
797,39,F,1,Wednesday,25,0
798,52,F,0,Monday,10,0
799,40,F,1,Tuesday,6,1
800,40,F,1,Saturday,28,0
801,56,M,1,Thursday,16,0
802,30,F,1,Thursday,24,0
803,41,F,1,Monday,8,0
804,31,F,1,Wednesday,20,0
805,32,M,1,Monday,8,0
806,34,M,1,Thursday,9,0
807,43,M,1,Saturday,12,0
808,31,F,1,Saturday,14,1
809,62,M,0,Thursday,21,0
810,23,F,1,Wednesday,4,1
811,36,F,1,Saturday,28,0
812,32,M,0,Thursday,2,0
813,66,F,0,Monday,26,0
814,43,F,1,Wednesday,26,0
815,58,F,1,Tuesday,7,1
816,13,M,1,Wednesday,19,0
817,44,F,0,Wednesday,9,0
818,56,F,1,Thursday,12,1
819,41,M,0,Tuesday,28,0
820,59,F,1,Monday,2,0
821,30,F,0,Wednesday,28,0
822,65,M,0,Friday,21,0
823,81,F,0,Thursday,7,0
824,33,F,0,Tuesday,28,0
825,31,F,0,Saturday,8,0
826,66,F,0,Saturday,29,1
827,68,F,1,Tuesday,21,0
828,30,M,1,Monday,20,1
829,32,M,0,Friday,11,0
830,34,M,1,Friday,10,0
831,15,M,0,Saturday,1,0
832,23,F,1,Friday,17,0
833,21,F,0,Thursday,8,0
834,26,F,0,Wednesday,1,0
835,39,F,1,Monday,1,1
836,44,F,1,Tuesday,2,0
837,67,M,1,Wednesday,15,0
838,22,M,1,Thursday,18,0
839,57,F,1,Thursday,3,0
840,36,F,0,Friday,22,0
841,39,F,0,Tuesday,24,1
842,52,M,0,Thursday,17,0
843,19,F,0,Monday,19,1
844,46,F,1,Wednesday,24,0
845,42,F,1,Friday,29,0
846,48,M,0,Thursday,17,0
847,45,F,1,Saturday,9,0
848,84,M,1,Tuesday,10,0
849,28,M,0,Wednesday,28,0
850,30,M,0,Tuesday,16,0
851,28,M,0,Wednesday,25,0
852,30,M,0,Friday,23,0
853,28,M,0,Thursday,24,1
854,61,F,1,Friday,22,0
855,65,F,0,Tuesday,23,0
856,29,F,0,Friday,19,0
857,25,M,1,Monday,15,0
858,48,F,1,Friday,19,0
859,30,M,1,Tuesday,12,0
860,51,M,0,Tuesday,1,0
861,43,M,0,Wednesday,23,0
862,12,F,1,Saturday,26,0
863,67,M,0,Monday,1,0
864,72,M,0,Tuesday,24,0
865,28,F,1,Friday,13,0
866,33,F,1,Wednesday,3,0
867,45,M,1,Tuesday,16,0
868,46,M,1,Wednesday,12,0
869,51,F,1,Wednesday,3,0
870,76,F,0,Saturday,2,0
871,36,F,0,Friday,11,0
872,25,M,0,Wednesday,21,0
873,15,F,0,Saturday,22,0
874,26,F,1,Wednesday,7,0
875,39,F,1,Monday,1,0
876,72,M,1,Tuesday,5,0
877,30,F,0,Wednesday,21,0
878,44,F,0,Monday,9,1
879,39,F,0,Saturday,11,0
880,61,F,0,Friday,20,0
881,85,F,0,Tuesday,9,0
882,30,M,1,Thursday,9,0
883,31,M,1,Friday,22,0
884,58,M,1,Saturday,2,0
885,52,F,1,Friday,19,0
886,73,M,1,Wednesday,9,1
887,50,M,0,Friday,28,1
888,33,M,0,Thursday,8,0
889,50,F,0,Thursday,19,1
890,59,F,1,Monday,18,0
891,54,M,1,Monday,13,0
892,49,M,0,Wednesday,1,0
893,59,F,1,Tuesday,4,0
894,61,F,1,Monday,19,0
895,64,M,0,Friday,28,1
896,51,F,0,Monday,28,0
897,36,M,1,Thursday,7,0
898,42,F,1,Wednesday,6,0
899,61,M,0,Saturday,5,0
900,25,M,1,Wednesday,10,0
901,46,F,0,Monday,11,0
902,32,M,1,Thursday,17,0
903,40,M,1,Friday,18,0
904,63,M,1,Saturday,9,0
905,43,F,1,Wednesday,24,0
906,40,F,1,Tuesday,28,1
907,15,F,1,Saturday,24,1
908,53,M,0,Tuesday,20,0
909,51,F,1,Thursday,13,0
910,78,M,0,Wednesday,2,0
911,34,M,1,Monday,17,1
912,43,F,1,Tuesday,23,0
913,44,F,1,Tuesday,14,0
914,68,M,1,Thursday,5,0
915,38,M,1,Saturday,9,1
916,45,F,0,Tuesday,26,0
917,50,F,1,Friday,11,0
918,43,F,0,Monday,6,0
919,31,M,0,Wednesday,16,0
920,43,M,0,Monday,0,0
921,59,M,1,Saturday,25,0
922,21,M,1,Friday,17,0
923,42,M,1,Thursday,25,0
924,27,F,1,Friday,14,0
925,61,F,0,Thursday,18,0
926,12,M,0,Saturday,27,0
927,29,M,1,Thursday,0,0
928,46,F,1,Saturday,29,0
929,68,F,1,Wednesday,4,0
930,38,F,0,Monday,14,0
931,30,F,1,Wednesday,2,0
932,73,M,1,Monday,0,0
933,13,F,0,Thursday,7,1
934,0,M,1,Wednesday,11,0
935,47,F,1,Thursday,26,0
936,30,F,1,Monday,21,0
937,21,F,0,Tuesday,24,0
938,52,M,1,Wednesday,18,1
939,44,M,0,Saturday,24,0
940,29,F,0,Wednesday,24,0
941,16,M,1,Wednesday,11,0
942,55,M,1,Thursday,12,0
943,51,F,0,Thursday,27,1
944,38,F,1,Tuesday,0,1
945,73,M,1,Wednesday,18,1
946,20,M,1,Tuesday,5,0
947,12,M,1,Saturday,7,0
948,27,F,1,Monday,3,0
949,39,F,1,Wednesday,4,0
950,44,M,0,Monday,24,0
951,35,F,0,Tuesday,21,0
952,46,F,1,Friday,27,1
953,17,M,1,Tuesday,6,0
954,65,M,1,Monday,22,0
955,38,F,0,Wednesday,3,1
956,60,F,0,Monday,19,0
957,46,M,1,Monday,3,0
958,48,F,0,Friday,29,0
959,50,F,1,Friday,14,0
960,48,M,0,Saturday,26,1
961,51,M,1,Friday,20,0
962,63,F,1,Thursday,4,0
963,43,F,0,Monday,23,0
964,52,F,1,Friday,8,1
965,38,M,0,Friday,1,0
966,65,F,1,Friday,26,0
967,27,F,1,Wednesday,6,0
968,72,M,1,Tuesday,16,0
969,39,M,1,Friday,15,0
970,14,F,1,Friday,16,0
971,42,M,0,Saturday,19,0
972,27,M,0,Monday,25,0
973,55,F,1,Tuesday,22,0
974,28,M,1,Tuesday,1,0
975,31,M,1,Friday,10,0
976,5,F,1,Tuesday,1,0
977,31,M,1,Monday,0,0
978,0,F,1,Saturday,25,1
979,11,F,1,Monday,1,0
980,53,M,1,Friday,28,1
981,54,M,1,Wednesday,22,0
982,47,M,0,Friday,8,0
983,22,F,0,Thursday,21,0
984,39,M,0,Saturday,25,1
985,39,F,0,Saturday,1,0
986,19,M,0,Monday,27,1
987,67,M,1,Monday,14,0
988,55,M,1,Tuesday,9,0
989,36,F,1,Thursday,14,0
990,40,M,1,Friday,9,0
991,43,M,0,Wednesday,28,0
992,3,F,0,Thursday,24,0
993,35,F,0,Tuesday,22,0
994,27,M,1,Friday,26,1
995,21,M,0,Saturday,16,0
996,34,M,0,Tuesday,27,0
997,72,F,1,Wednesday,8,0
998,51,F,1,Monday,17,1
999,29,F,0,Thursday,3,1
1000,50,F,1,Wednesday,8,0
1001,65,M,1,Monday,15,0
1002,56,F,1,Wednesday,3,0
1003,41,F,1,Tuesday,15,1
1004,28,F,0,Wednesday,18,0
1005,52,M,0,Thursday,0,0
1006,47,M,1,Monday,22,0
1007,56,F,1,Friday,5,1
1008,51,F,1,Thursday,9,0
1009,58,M,1,Wednesday,15,0
1010,30,M,1,Monday,3,0
1011,63,M,1,Friday,21,0
1012,43,M,1,Saturday,21,0
1013,77,M,1,Tuesday,12,1
1014,27,M,0,Tuesday,15,1
1015,71,M,1,Tuesday,19,1
1016,43,M,0,Thursday,29,0
1017,28,F,0,Monday,28,0
1018,31,F,1,Tuesday,5,1
1019,34,F,0,Thursday,25,0
1020,47,F,0,Thursday,10,1
1021,49,F,0,Wednesday,23,1
1022,29,F,1,Wednesday,28,0
1023,39,M,1,Thursday,2,0
1024,78,M,1,Monday,19,0
1025,71,F,0,Monday,9,0
1026,47,F,1,Friday,28,0
1027,40,M,1,Monday,27,0
1028,42,M,0,Thursday,29,0
1029,51,M,1,Saturday,0,0
1030,21,F,0,Tuesday,19,0
1031,35,M,1,Wednesday,10,0
1032,9,F,1,Thursday,25,1
1033,47,F,1,Friday,25,0
1034,51,M,0,Saturday,11,0
1035,31,M,1,Friday,13,0
1036,68,F,1,Monday,24,1
1037,17,M,1,Thursday,7,0
1038,13,M,1,Wednesday,10,0
1039,44,F,0,Wednesday,3,1
1040,58,M,0,Monday,27,0
1041,70,F,1,Tuesday,6,1
1042,31,F,1,Friday,9,1
1043,59,M,1,Wednesday,18,1
1044,39,F,0,Tuesday,24,0
1045,36,F,1,Wednesday,25,0
1046,55,M,0,Friday,3,1
1047,51,M,1,Friday,1,0
1048,11,M,1,Tuesday,25,0
1049,66,F,1,Monday,20,0
1050,64,F,0,Tuesday,17,0
1051,28,M,1,Saturday,13,0
1052,47,F,0,Thursday,25,0
1053,48,M,0,Wednesday,15,0
1054,44,M,1,Thursday,21,0
1055,30,F,1,Wednesday,10,0
1056,27,M,0,Friday,9,0
1057,39,F,1,Wednesday,16,0
1058,61,F,1,Monday,13,0
1059,49,M,1,Monday,21,0
1060,33,F,0,Wednesday,3,0
1061,53,M,1,Saturday,18,0
1062,0,F,0,Tuesday,1,0
1063,60,F,0,Friday,6,0
1064,8,F,0,Friday,8,0
1065,33,M,1,Tuesday,27,0
1066,19,F,0,Monday,18,0
1067,16,M,0,Monday,15,1
1068,60,F,0,Friday,21,0
1069,31,F,1,Tuesday,24,1
1070,46,M,1,Wednesday,15,0
1071,39,M,0,Wednesday,17,0
1072,48,M,1,Friday,22,0
1073,41,M,1,Monday,20,0
1074,16,M,1,Wednesday,20,0
1075,57,F,0,Wednesday,10,0
1076,31,F,1,Thursday,6,0
1077,11,M,1,Friday,8,0
1078,32,F,1,Monday,3,0
1079,67,F,0,Friday,24,0
1080,55,F,1,Thursday,29,1
1081,33,M,1,Thursday,12,0
1082,33,F,1,Thursday,26,0
1083,34,F,0,Wednesday,25,0
1084,77,F,0,Monday,24,0
1085,46,M,1,Thursday,28,0
1086,47,F,1,Wednesday,3,0
1087,58,F,0,Thursday,18,0
1088,44,M,1,Tuesday,1,1
1089,35,M,0,Saturday,8,0
1090,36,F,1,Thursday,11,1
1091,38,F,1,Monday,1,1
1092,39,M,1,Wednesday,5,0
1093,53,M,1,Friday,4,0
1094,40,M,0,Friday,29,0
1095,53,M,1,Wednesday,4,0
1096,38,M,0,Friday,19,0
1097,41,M,1,Tuesday,21,0
1098,4,M,1,Wednesday,4,0
1099,56,F,1,Friday,26,0
1100,46,M,0,Friday,3,0
1101,57,M,1,Thursday,28,0
1102,0,F,0,Friday,8,0
1103,77,M,0,Monday,28,0
1104,37,M,1,Friday,21,0
1105,59,F,1,Tuesday,26,0
1106,21,M,1,Monday,9,0
1107,51,F,0,Tuesday,15,0
1108,21,F,0,Wednesday,9,0
1109,28,F,1,Tuesday,28,0
1110,74,F,1,Tuesday,9,0
1111,36,M,0,Monday,28,0
1112,43,F,1,Tuesday,18,0
1113,55,F,1,Thursday,9,0
1114,48,M,1,Wednesday,5,0
1115,42,F,1,Tuesday,29,0
1116,46,F,1,Friday,16,1
1117,83,F,1,Friday,4,0
1118,38,F,1,Friday,25,1
1119,43,M,0,Tuesday,5,0
1120,58,F,1,Friday,26,0
1121,59,M,1,Monday,23,0
1122,61,M,1,Monday,26,0
1123,51,F,0,Tuesday,14,0
1124,19,F,1,Friday,24,1
1125,69,F,1,Tuesday,26,0
1126,19,F,0,Monday,18,0
1127,45,M,1,Monday,17,0
1128,26,M,1,Friday,28,1
1129,38,M,0,Thursday,3,0
1130,45,F,1,Tuesday,7,0
1131,45,M,1,Thursday,26,0
1132,47,F,1,Wednesday,15,0
1133,69,F,0,Thursday,23,1
1134,48,F,0,Tuesday,18,1
1135,35,F,1,Friday,19,0
1136,57,F,0,Tuesday,2,0
1137,61,M,1,Thursday,9,0
1138,17,M,0,Monday,1,0
1139,50,F,0,Wednesday,3,1
1140,52,M,0,Tuesday,5,0
1141,34,F,1,Thursday,10,0
1142,64,F,1,Monday,13,0
1143,37,F,0,Friday,15,0
1144,42,M,0,Tuesday,26,1
1145,36,F,0,Thursday,20,0
1146,40,F,1,Friday,18,0
1147,20,M,1,Thursday,1,0
1148,14,M,1,Friday,24,1
1149,68,M,1,Thursday,16,0
1150,24,F,1,Tuesday,8,1
1151,22,F,0,Friday,16,0
1152,1,M,1,Tuesday,14,0
1153,28,F,0,Thursday,29,0
1154,16,M,0,Friday,6,0
1155,69,M,1,Wednesday,21,1
1156,58,F,1,Tuesday,22,0
1157,27,F,1,Wednesday,18,0
1158,80,M,1,Friday,29,0
1159,57,M,1,Saturday,2,0
1160,34,M,0,Thursday,28,0
1161,0,M,1,Thursday,26,0
1162,81,F,1,Saturday,0,0
1163,14,M,1,Monday,3,0
1164,10,M,1,Tuesday,27,0
1165,58,M,0,Thursday,17,1
1166,83,F,1,Friday,25,0
1167,64,F,1,Friday,7,0
1168,50,M,0,Wednesday,18,0
1169,50,F,1,Monday,22,0
1170,55,F,1,Wednesday,22,0
1171,53,F,1,Tuesday,27,0
1172,45,M,1,Tuesday,24,0
1173,41,M,0,Friday,5,0
1174,38,F,0,Monday,0,0
1175,26,M,0,Friday,7,0
1176,34,M,1,Wednesday,0,0
1177,9,F,0,Thursday,18,0
1178,38,F,0,Monday,10,0
1179,22,M,1,Tuesday,20,1
1180,20,F,1,Monday,23,1
1181,43,M,1,Saturday,24,1
1182,65,M,0,Friday,14,0
1183,56,F,0,Wednesday,22,0
1184,11,M,0,Tuesday,24,0
1185,22,M,1,Saturday,10,1
1186,56,F,1,Tuesday,18,1
1187,22,F,1,Monday,28,0
1188,35,F,0,Thursday,20,0
1189,49,M,1,Saturday,9,0
1190,22,F,0,Monday,23,0
1191,41,F,0,Tuesday,11,0
1192,15,F,1,Saturday,0,0
1193,29,F,1,Monday,23,0
1194,45,M,0,Monday,6,0
1195,11,M,0,Thursday,16,1
1196,47,F,1,Friday,28,0
1197,39,M,0,Wednesday,28,0
1198,49,F,0,Saturday,25,0
1199,44,F,0,Thursday,27,1
1200,64,M,0,Monday,9,0
1201,42,M,0,Saturday,27,0
1202,32,F,1,Wednesday,5,0
1203,42,F,0,Tuesday,16,0
1204,49,M,1,Thursday,17,0
1205,40,F,1,Tuesday,4,0
1206,40,M,1,Monday,17,1
1207,27,F,1,Monday,29,0
1208,28,F,1,Wednesday,25,1
1209,14,M,0,Friday,16,1
1210,71,M,1,Thursday,21,1
1211,17,M,1,Saturday,15,0
1212,27,M,1,Tuesday,7,0
1213,27,M,1,Tuesday,23,0
1214,56,M,1,Monday,12,0
1215,34,M,1,Monday,28,0
1216,62,F,0,Tuesday,23,0
1217,27,F,1,Friday,15,0
1218,45,F,1,Saturday,10,1
1219,24,M,1,Saturday,5,0
1220,78,M,0,Tuesday,26,0
1221,18,M,1,Friday,2,1
1222,45,F,0,Tuesday,0,0
1223,51,M,0,Monday,17,0
1224,47,M,1,Friday,4,1
1225,36,F,0,Thursday,12,0
1226,37,M,1,Monday,9,0
1227,40,F,0,Wednesday,4,1
1228,37,F,1,Tuesday,25,0
1229,57,M,0,Friday,13,0
1230,79,M,0,Wednesday,16,1
1231,29,M,0,Saturday,0,0
1232,15,F,0,Monday,24,1
1233,38,F,0,Tuesday,1,0
1234,86,F,0,Wednesday,6,0
1235,25,M,1,Wednesday,9,1
1236,69,M,0,Tuesday,19,0
1237,70,M,1,Friday,6,0
1238,30,M,0,Friday,23,1
1239,50,F,1,Saturday,15,1
1240,69,F,1,Friday,4,0
1241,33,F,1,Friday,28,0
1242,36,F,0,Thursday,27,0
1243,29,M,0,Friday,11,0
1244,21,M,1,Tuesday,16,0
1245,28,M,0,Wednesday,15,0
1246,17,F,0,Tuesday,19,0
1247,40,F,0,Wednesday,25,0
1248,26,M,0,Tuesday,15,1
1249,44,M,0,Saturday,18,1
1250,11,F,1,Tuesday,25,0
1251,45,M,0,Monday,14,0
1252,55,F,1,Wednesday,11,0
1253,4,F,0,Monday,20,0
1254,46,F,0,Monday,9,0
1255,62,M,1,Tuesday,28,0
1256,18,M,0,Wednesday,25,1
1257,70,F,1,Wednesday,28,0
1258,47,M,1,Friday,21,0
1259,27,F,0,Friday,1,0
1260,38,F,1,Wednesday,6,0
1261,50,F,0,Tuesday,12,0
1262,41,F,1,Tuesday,2,0
1263,49,M,0,Friday,14,0
1264,23,F,1,Monday,0,0
1265,43,F,0,Monday,25,1
1266,14,M,1,Friday,2,0
1267,37,F,1,Wednesday,24,1
1268,23,F,1,Monday,9,0
1269,26,M,1,Tuesday,26,0
1270,62,M,1,Saturday,26,0
1271,59,M,1,Friday,14,0
1272,50,F,0,Thursday,21,0
1273,20,M,0,Wednesday,26,0
1274,34,M,0,Wednesday,5,0
1275,61,F,0,Saturday,19,0
1276,42,F,0,Saturday,14,1
1277,81,F,1,Tuesday,23,0
1278,47,F,0,Friday,20,1
1279,43,F,1,Tuesday,6,0
1280,34,M,0,Tuesday,24,1
1281,42,M,0,Thursday,28,0
1282,37,M,1,Wednesday,28,0
1283,52,F,1,Saturday,29,1
1284,57,F,1,Monday,20,0
1285,25,F,1,Wednesday,26,0
1286,16,M,0,Saturday,29,0
1287,6,M,1,Saturday,4,0
1288,49,F,0,Monday,29,1
1289,20,M,0,Wednesday,3,0
1290,1,F,1,Thursday,21,1
1291,46,M,0,Monday,17,1
1292,84,M,0,Saturday,2,0
1293,39,M,1,Saturday,16,0
1294,55,F,1,Monday,17,0
1295,41,M,0,Monday,17,0
1296,38,M,0,Monday,23,0
1297,56,F,0,Saturday,23,1
1298,34,M,0,Tuesday,1,0
1299,44,F,1,Wednesday,12,0
1300,45,F,0,Wednesday,29,0
1301,27,F,1,Thursday,21,1
1302,57,F,0,Monday,14,0
1303,36,F,1,Tuesday,4,1
1304,26,M,0,Saturday,2,0
1305,49,F,1,Saturday,4,0
1306,23,F,0,Friday,4,0
1307,40,F,1,Monday,4,0
1308,39,F,0,Tuesday,2,0
1309,59,M,0,Thursday,2,0
1310,48,F,1,Tuesday,19,0
1311,39,M,1,Saturday,22,0
1312,54,F,1,Thursday,27,0
1313,65,M,1,Monday,27,0
1314,50,F,1,Saturday,27,0
1315,40,F,0,Saturday,29,0
1316,16,M,0,Monday,17,1
1317,20,F,0,Wednesday,25,1
1318,34,M,1,Tuesday,19,1
1319,29,F,0,Wednesday,3,0
1320,36,M,0,Monday,0,0
1321,41,F,1,Thursday,25,0
1322,49,F,1,Saturday,15,0
1323,38,M,0,Wednesday,7,1
1324,48,F,0,Monday,16,0
1325,41,F,0,Thursday,7,0
1326,4,F,0,Tuesday,6,0
1327,23,F,0,Friday,24,1
1328,37,F,1,Wednesday,7,0
1329,18,F,1,Tuesday,20,0
1330,50,M,1,Tuesday,23,0
1331,67,M,0,Friday,29,0
1332,61,M,1,Tuesday,26,1
1333,36,F,0,Friday,25,0
1334,66,M,1,Tuesday,11,0
1335,42,F,1,Tuesday,15,1
1336,33,F,0,Wednesday,11,0
1337,28,F,0,Saturday,18,0
1338,34,F,1,Saturday,9,0
1339,33,M,0,Tuesday,6,0
1340,43,F,1,Tuesday,11,0
1341,42,M,0,Monday,19,0
1342,40,F,1,Wednesday,4,0
1343,47,M,0,Wednesday,15,0
1344,61,M,0,Saturday,8,1
1345,57,M,1,Saturday,6,0
1346,13,M,0,Wednesday,19,1
1347,0,M,0,Wednesday,21,1
1348,56,M,0,Friday,25,0
1349,15,F,0,Friday,13,0
1350,35,M,0,Monday,10,0
1351,18,F,0,Tuesday,6,0
1352,7,M,1,Wednesday,28,0
1353,49,F,0,Tuesday,9,0
1354,53,M,1,Tuesday,28,0
1355,29,M,0,Monday,8,0
1356,0,F,0,Thursday,3,1
1357,30,M,1,Tuesday,15,1
1358,47,M,0,Monday,9,0
1359,13,M,1,Tuesday,18,1
1360,43,F,0,Friday,23,0
1361,39,M,1,Friday,16,0
1362,50,F,1,Wednesday,8,0
1363,42,M,1,Wednesday,12,0
1364,22,M,1,Saturday,0,0
1365,61,F,1,Tuesday,1,0
1366,37,M,0,Tuesday,12,0
1367,39,M,0,Tuesday,23,0
1368,23,F,1,Monday,8,1
1369,32,M,0,Wednesday,6,0
1370,24,F,0,Saturday,15,0
1371,36,F,1,Thursday,18,0
1372,70,F,0,Wednesday,6,0
1373,15,M,1,Saturday,5,0
1374,10,F,1,Monday,17,0
1375,66,F,1,Tuesday,18,0
1376,36,M,1,Thursday,10,1
1377,27,F,0,Thursday,28,0
1378,58,M,0,Monday,11,1
1379,29,M,1,Wednesday,28,1
1380,72,M,0,Thursday,25,0
1381,52,M,1,Thursday,9,0
1382,31,F,1,Thursday,12,0
1383,78,F,1,Tuesday,11,0
1384,29,F,0,Monday,20,0
1385,53,F,1,Wednesday,9,0
1386,45,F,1,Monday,19,0
1387,63,M,1,Saturday,17,1
1388,68,F,0,Wednesday,3,0
1389,40,F,1,Tuesday,27,1
1390,26,F,1,Friday,23,0
1391,48,M,1,Wednesday,4,1
1392,27,M,1,Tuesday,4,0
1393,76,F,0,Friday,28,0
1394,42,M,1,Friday,27,0
1395,33,F,1,Thursday,11,0
1396,43,F,0,Monday,25,0
1397,15,M,1,Thursday,2,0
1398,22,M,1,Friday,28,0
1399,61,F,1,Monday,7,0
1400,28,F,1,Tuesday,21,0
1401,21,M,1,Friday,1,0
1402,49,F,1,Monday,17,0
1403,61,M,0,Friday,8,1
1404,52,F,0,Wednesday,12,0
1405,57,M,1,Wednesday,6,0
1406,26,F,1,Monday,9,1
1407,14,F,1,Friday,8,0
1408,67,M,1,Tuesday,29,0
1409,34,F,0,Thursday,21,0
1410,35,F,1,Thursday,14,0
1411,63,M,0,Thursday,4,0
1412,50,F,1,Saturday,11,0
1413,48,F,1,Wednesday,0,0
1414,78,F,0,Wednesday,11,0
1415,28,M,0,Saturday,21,0
1416,56,M,1,Thursday,5,1
1417,41,M,1,Tuesday,18,0
1418,44,F,0,Monday,18,1
1419,67,F,1,Friday,15,1
1420,49,F,1,Wednesday,18,0
1421,49,F,1,Thursday,2,0
1422,59,M,1,Wednesday,22,0
1423,33,F,1,Tuesday,9,0
1424,24,F,1,Thursday,26,0
1425,21,F,1,Monday,17,1
1426,4,M,1,Wednesday,25,0
1427,77,F,0,Thursday,12,0
1428,20,F,1,Wednesday,25,0
1429,36,F,0,Friday,17,0
1430,35,F,0,Friday,2,0
1431,45,F,0,Friday,25,0
1432,54,M,0,Monday,27,0
1433,55,F,1,Tuesday,22,0
1434,29,F,0,Wednesday,2,1
1435,36,F,1,Saturday,22,1
1436,45,F,1,Friday,24,0
1437,35,F,1,Friday,26,0
1438,68,F,0,Tuesday,25,0
1439,48,F,1,Wednesday,11,0
1440,53,F,1,Wednesday,26,0
1441,51,F,1,Monday,19,0
1442,61,F,1,Monday,6,0
1443,43,M,1,Saturday,24,1
1444,16,M,1,Tuesday,29,0
1445,47,M,0,Tuesday,23,0
1446,28,M,1,Monday,7,0
1447,30,F,0,Saturday,8,0
1448,50,M,1,Thursday,13,0
1449,62,M,0,Thursday,4,0
1450,40,F,0,Saturday,29,0
1451,45,M,1,Tuesday,20,1
1452,70,M,1,Thursday,18,0
1453,44,F,0,Monday,20,1
1454,86,F,1,Tuesday,15,0
1455,50,F,1,Friday,23,1
1456,8,M,0,Friday,11,0
1457,53,M,1,Tuesday,20,0
1458,46,F,0,Wednesday,3,0
1459,63,F,1,Wednesday,7,0
1460,52,M,1,Monday,6,0
1461,37,F,0,Tuesday,14,0
1462,17,M,1,Tuesday,29,0
1463,36,F,0,Tuesday,29,0
1464,24,F,1,Friday,5,1
1465,29,M,1,Tuesday,4,0
1466,50,F,1,Tuesday,13,0
1467,70,F,0,Wednesday,20,0
1468,47,F,0,Friday,12,0
1469,18,M,0,Tuesday,9,0
1470,48,F,0,Monday,17,0
1471,61,F,1,Tuesday,28,0
1472,29,F,1,Friday,3,0
1473,37,F,1,Thursday,7,0
1474,40,F,1,Friday,23,0
1475,25,F,1,Saturday,10,0
1476,51,M,1,Friday,16,0
1477,37,M,1,Thursday,17,0
1478,47,F,1,Wednesday,20,1
1479,24,M,0,Monday,24,1
1480,32,M,0,Saturday,25,0
1481,53,F,1,Wednesday,10,0
1482,33,M,0,Monday,15,0
1483,71,M,0,Thursday,11,0
1484,32,M,1,Tuesday,12,0
1485,44,M,1,Thursday,26,0
1486,56,M,1,Thursday,15,0
1487,14,M,0,Wednesday,22,0
1488,8,M,0,Friday,25,0
1489,12,M,1,Tuesday,20,0
1490,62,F,1,Wednesday,0,0
1491,30,F,1,Wednesday,15,0
1492,86,M,1,Thursday,14,0
1493,29,M,1,Friday,5,0
1494,43,F,1,Wednesday,11,0
1495,67,M,0,Thursday,7,0
1496,76,M,1,Monday,6,0
1497,77,F,1,Saturday,1,0
1498,61,F,1,Wednesday,11,0
1499,58,F,1,Friday,20,0
1500,50,M,1,Monday,13,0
1501,54,M,0,Tuesday,15,0
1502,30,F,1,Wednesday,10,1
1503,25,F,0,Friday,19,1
1504,39,M,1,Wednesday,8,0
1505,36,F,0,Saturday,9,1
1506,31,M,0,Wednesday,16,0
1507,52,M,1,Wednesday,11,0
1508,57,F,1,Monday,5,0
1509,41,F,1,Friday,18,1
1510,66,M,0,Tuesday,10,0
1511,19,F,1,Friday,8,1
1512,36,F,0,Saturday,20,0
1513,27,F,1,Saturday,28,0
1514,6,F,1,Wednesday,5,0
1515,38,M,1,Thursday,26,0
1516,37,M,0,Friday,24,0
1517,67,M,1,Monday,24,0
1518,51,M,0,Thursday,23,0
1519,21,F,1,Monday,24,0
1520,73,F,0,Wednesday,15,0
1521,61,M,1,Monday,19,1
1522,50,M,0,Tuesday,15,0
1523,35,F,1,Wednesday,5,0
1524,22,M,1,Wednesday,4,0
1525,33,M,1,Thursday,20,0
1526,59,F,0,Monday,3,1
1527,73,M,1,Wednesday,1,0
1528,67,F,1,Tuesday,27,0
1529,31,F,1,Thursday,5,0
1530,19,M,0,Thursday,8,1
1531,42,F,1,Thursday,27,1
1532,8,M,1,Friday,16,1
1533,45,F,0,Tuesday,13,1
1534,37,M,0,Friday,6,0
1535,31,M,1,Wednesday,21,0
1536,11,M,0,Wednesday,18,0
1537,49,F,0,Thursday,0,0
1538,30,F,1,Monday,28,0
1539,18,M,1,Thursday,19,0
1540,0,F,0,Thursday,29,0
1541,39,M,1,Tuesday,24,0
1542,71,M,0,Monday,14,0
1543,69,F,0,Monday,17,0
1544,31,M,0,Saturday,2,0
1545,29,F,1,Thursday,17,0
1546,48,M,0,Monday,29,1
1547,22,F,0,Tuesday,1,0
1548,45,M,1,Thursday,9,0
1549,53,M,1,Friday,10,0
1550,62,F,0,Monday,26,0
1551,38,M,1,Tuesday,23,0
1552,36,M,0,Friday,2,0
1553,24,F,1,Monday,6,1
1554,25,M,1,Tuesday,7,0
1555,35,F,1,Saturday,18,0
1556,46,M,0,Thursday,17,0
1557,56,F,0,Tuesday,12,0
1558,25,M,0,Monday,12,0
1559,66,M,0,Monday,23,1
1560,35,M,0,Tuesday,18,0
1561,39,F,1,Friday,22,0
1562,26,F,1,Wednesday,11,0
1563,0,F,1,Friday,16,0
1564,55,F,1,Saturday,29,0
1565,53,M,1,Wednesday,27,0
1566,34,M,1,Tuesday,21,0
1567,41,F,0,Wednesday,11,0
1568,49,F,1,Saturday,27,1
1569,11,F,1,Friday,12,0
1570,30,M,1,Monday,24,0
1571,54,F,1,Thursday,11,0
1572,17,F,0,Thursday,18,0
1573,45,M,0,Saturday,13,0
1574,15,M,1,Monday,6,0
1575,48,F,0,Wednesday,12,0
1576,39,M,1,Friday,5,0
1577,10,F,1,Wednesday,23,0
1578,60,M,1,Wednesday,18,0
1579,26,F,1,Monday,18,0
1580,25,F,0,Tuesday,3,0
1581,43,F,0,Tuesday,18,1
1582,60,F,1,Saturday,8,0
1583,21,M,1,Tuesday,15,0
1584,41,M,1,Wednesday,26,0
1585,47,M,0,Thursday,3,0
1586,52,M,0,Monday,5,0
1587,43,F,1,Wednesday,7,0
1588,33,F,0,Friday,26,0
1589,25,M,1,Friday,28,1
1590,41,M,0,Thursday,23,0
1591,20,M,1,Thursday,15,0
1592,0,M,1,Monday,4,0
1593,47,M,1,Saturday,20,0
1594,56,F,0,Monday,21,0
1595,0,F,1,Friday,9,1
1596,21,F,1,Tuesday,22,0
1597,51,M,1,Saturday,12,1
1598,77,M,1,Thursday,28,1
1599,40,M,1,Friday,25,1
1600,26,M,1,Tuesday,13,0
1601,36,F,1,Wednesday,6,0
1602,64,F,0,Thursday,28,0
1603,28,M,0,Friday,19,0
1604,25,F,0,Monday,5,0
1605,31,F,1,Saturday,6,0
1606,22,M,1,Friday,4,0
1607,42,M,1,Tuesday,20,1
1608,69,M,0,Friday,17,1
1609,45,M,0,Wednesday,22,0
1610,35,M,1,Wednesday,11,0
1611,34,M,1,Tuesday,5,0
1612,11,F,0,Thursday,26,0
1613,55,F,1,Friday,0,0
1614,38,M,0,Wednesday,3,0
1615,36,F,0,Thursday,18,0
1616,97,M,1,Thursday,11,0
1617,45,M,0,Thursday,14,0
1618,26,M,1,Monday,2,0
1619,32,M,0,Friday,22,1
1620,60,F,0,Wednesday,26,0
1621,42,M,0,Tuesday,27,0
1622,14,F,1,Tuesday,25,0
1623,56,M,1,Wednesday,19,0
1624,27,M,1,Friday,27,0
1625,73,M,0,Wednesday,7,0
1626,59,F,0,Friday,10,0
1627,31,M,1,Monday,15,0
1628,63,M,1,Wednesday,8,0
1629,41,M,1,Saturday,2,0
1630,55,F,0,Friday,4,0
1631,48,F,1,Tuesday,19,0
1632,24,F,1,Wednesday,13,0
1633,28,M,0,Tuesday,27,1
1634,58,F,1,Wednesday,25,1
1635,33,M,0,Friday,14,0
1636,32,F,1,Friday,5,1
1637,22,F,1,Tuesday,26,1
1638,47,M,1,Saturday,25,1
1639,77,F,1,Thursday,3,0
1640,20,M,0,Wednesday,7,0
1641,40,M,1,Wednesday,18,1
1642,65,F,0,Thursday,26,0
1643,38,M,0,Thursday,4,0
1644,48,M,1,Wednesday,12,0
1645,20,F,1,Wednesday,15,0
1646,47,F,1,Monday,0,0
1647,36,M,0,Friday,12,0
1648,57,F,1,Thursday,21,1
1649,61,M,1,Monday,10,0
1650,86,M,0,Friday,20,1
1651,50,F,0,Saturday,7,1
1652,45,F,0,Saturday,24,0
1653,43,F,0,Wednesday,7,0
1654,33,F,1,Monday,23,0
1655,46,M,1,Wednesday,27,0
1656,34,M,1,Monday,13,0
1657,43,F,1,Saturday,12,0
1658,63,F,0,Tuesday,2,0
1659,21,M,1,Tuesday,3,0
1660,60,M,1,Wednesday,26,0
1661,63,M,1,Wednesday,19,0
1662,37,M,0,Friday,14,0
1663,1,F,1,Wednesday,14,1
1664,29,M,0,Monday,29,0
1665,63,M,0,Tuesday,26,1
1666,39,F,1,Wednesday,20,0
1667,22,M,0,Monday,12,1
1668,30,M,1,Thursday,8,0
1669,55,F,1,Thursday,27,1
1670,49,F,1,Thursday,24,0
1671,35,F,0,Saturday,9,0
1672,33,M,0,Saturday,28,1
1673,32,M,0,Saturday,11,0
1674,23,F,1,Tuesday,13,0
1675,69,F,0,Monday,0,0
1676,34,M,0,Tuesday,13,1
1677,61,F,0,Friday,13,0
1678,67,F,0,Saturday,7,0
1679,57,F,1,Friday,15,0
1680,32,M,1,Monday,13,0
1681,47,M,0,Saturday,0,0
1682,39,M,1,Wednesday,15,0
1683,23,M,1,Monday,17,0
1684,45,M,1,Wednesday,6,0
1685,18,M,1,Monday,14,1
1686,61,F,1,Thursday,23,0
1687,31,M,1,Tuesday,16,0
1688,43,M,0,Wednesday,18,0
1689,45,F,1,Thursday,22,0
1690,35,M,1,Friday,12,0
1691,50,M,0,Thursday,8,0
1692,31,F,0,Wednesday,23,0
1693,55,F,1,Friday,23,0
1694,15,F,1,Saturday,14,0
1695,42,M,1,Monday,24,0
1696,74,F,1,Wednesday,25,1
1697,21,M,1,Tuesday,2,0
1698,27,M,1,Monday,23,0
1699,49,M,1,Thursday,0,1
1700,43,M,1,Friday,15,0
1701,46,F,1,Monday,7,0
1702,48,F,1,Friday,28,0
1703,51,M,0,Friday,22,1
1704,59,F,1,Saturday,12,0
1705,47,M,1,Tuesday,7,0
1706,35,M,0,Saturday,16,0
1707,52,M,1,Tuesday,21,0
1708,74,F,1,Thursday,22,0
1709,37,M,0,Monday,13,1
1710,22,M,1,Monday,26,0
1711,59,F,1,Friday,20,0
1712,37,F,1,Wednesday,29,0
1713,0,F,0,Tuesday,20,0
1714,55,F,1,Tuesday,6,0
1715,30,M,1,Thursday,26,0
1716,38,F,0,Monday,14,0
1717,45,M,1,Friday,15,0
1718,43,F,1,Monday,18,0
1719,52,F,0,Tuesday,5,0
1720,32,F,1,Wednesday,22,1
1721,49,F,1,Wednesday,0,1
1722,35,F,0,Tuesday,11,0
1723,53,F,0,Tuesday,17,0
1724,51,M,0,Saturday,15,0
1725,23,F,0,Thursday,11,1
1726,59,F,1,Monday,19,1
1727,30,F,1,Wednesday,12,0
1728,54,F,0,Friday,7,1
1729,46,M,0,Tuesday,26,1
1730,73,F,0,Monday,28,1
1731,35,F,1,Friday,29,0
1732,33,F,0,Thursday,25,0
1733,39,F,1,Thursday,21,0
1734,34,M,1,Monday,0,0
1735,54,F,0,Monday,25,0
1736,10,M,1,Thursday,20,0
1737,21,F,1,Tuesday,6,1
1738,20,M,1,Wednesday,14,0
1739,57,M,1,Thursday,28,0
1740,70,F,0,Tuesday,21,0
1741,38,F,0,Saturday,12,0
1742,36,M,1,Friday,12,0
1743,41,M,0,Friday,27,0
1744,60,F,0,Monday,8,0
1745,23,M,0,Monday,23,0
1746,44,M,0,Wednesday,14,0
1747,57,M,1,Monday,3,0
1748,49,F,0,Saturday,12,0
1749,43,M,1,Monday,26,0
1750,58,M,1,Wednesday,11,0
1751,0,M,1,Wednesday,4,0
1752,52,F,0,Thursday,6,0
1753,28,F,1,Monday,7,0
1754,7,M,0,Wednesday,4,0
1755,49,F,1,Tuesday,8,1
1756,64,M,1,Friday,13,0
1757,37,F,1,Monday,25,0
1758,57,F,1,Saturday,11,0
1759,69,M,1,Friday,3,0
1760,63,F,0,Tuesday,19,0
1761,69,F,1,Friday,28,0
1762,53,F,1,Monday,7,0
1763,41,M,0,Saturday,16,1
1764,11,F,1,Wednesday,7,0
1765,35,F,1,Tuesday,20,1
1766,24,M,1,Wednesday,28,0
1767,79,F,1,Monday,29,0
1768,36,F,1,Saturday,26,0
1769,42,F,0,Monday,0,0
1770,49,F,1,Thursday,19,1
1771,40,F,0,Wednesday,1,0
1772,70,M,1,Saturday,3,0
1773,28,M,0,Tuesday,23,0
1774,43,F,0,Wednesday,20,0
1775,26,F,1,Wednesday,0,0
1776,16,F,1,Thursday,6,1
1777,28,M,0,Monday,0,0
1778,39,M,1,Tuesday,8,1
1779,32,F,0,Tuesday,2,1
1780,27,F,0,Friday,11,0
1781,14,M,1,Tuesday,18,0
1782,38,F,1,Thursday,14,0
1783,12,M,0,Tuesday,21,1
1784,53,M,0,Friday,15,0
1785,41,F,0,Saturday,9,1
1786,13,M,0,Wednesday,21,0
1787,34,F,1,Tuesday,28,0
1788,26,F,1,Tuesday,26,0
1789,45,F,0,Monday,26,0
1790,64,F,1,Tuesday,5,0
1791,6,F,1,Thursday,28,0
1792,42,F,0,Wednesday,16,0
1793,37,M,1,Saturday,20,0
1794,52,M,1,Wednesday,27,1
1795,43,M,0,Thursday,21,0
1796,26,M,0,Wednesday,23,1
1797,34,F,1,Wednesday,28,0
1798,25,M,1,Tuesday,16,0
1799,59,M,0,Wednesday,20,0
1800,40,M,0,Wednesday,18,0
1801,74,F,1,Thursday,17,0
1802,38,M,1,Saturday,10,0
1803,27,F,1,Tuesday,23,0
1804,12,M,1,Monday,6,0
1805,7,F,0,Wednesday,9,0
1806,11,F,1,Thursday,6,0
1807,44,M,1,Monday,4,0
1808,49,F,1,Friday,11,0
1809,11,F,0,Saturday,15,0
1810,56,M,1,Saturday,28,0
1811,31,M,1,Tuesday,24,0
1812,42,M,1,Friday,20,1
1813,69,F,1,Thursday,17,0
1814,56,F,0,Wednesday,2,0
1815,35,F,1,Thursday,19,1
1816,23,M,1,Friday,14,1
1817,1,F,1,Wednesday,4,0
1818,27,F,1,Wednesday,12,1
1819,36,F,1,Wednesday,18,0
1820,22,F,0,Thursday,11,1
1821,37,F,1,Tuesday,29,0
1822,41,F,0,Saturday,22,0
1823,35,F,0,Thursday,20,0
1824,28,M,0,Thursday,4,1
1825,43,M,1,Monday,5,1
1826,47,M,1,Thursday,6,0
1827,20,F,1,Monday,25,0
1828,65,F,1,Monday,9,0
1829,38,M,1,Wednesday,15,0
1830,40,F,0,Wednesday,7,0
1831,52,M,1,Thursday,8,0
1832,44,F,0,Monday,26,1
1833,57,F,0,Wednesday,3,0
1834,45,M,1,Monday,20,0
1835,28,M,0,Saturday,20,0
1836,46,M,0,Thursday,7,0
1837,19,M,1,Thursday,24,1
1838,41,M,1,Tuesday,6,0
1839,39,F,1,Monday,14,0
1840,36,F,1,Saturday,20,0
1841,37,F,1,Tuesday,2,0
1842,6,M,1,Wednesday,16,0
1843,30,M,0,Thursday,10,0
1844,41,M,1,Monday,8,0
1845,42,M,1,Friday,4,0
1846,21,M,1,Wednesday,24,0
1847,62,M,1,Tuesday,9,0
1848,24,F,0,Monday,14,0
1849,57,F,0,Monday,27,0
1850,47,F,1,Friday,28,1
1851,28,F,0,Thursday,13,0
1852,71,F,1,Tuesday,3,0
1853,18,M,0,Monday,20,0
1854,56,M,1,Thursday,19,0
1855,58,M,1,Thursday,1,0
1856,27,M,0,Wednesday,11,1
1857,65,M,0,Wednesday,0,0
1858,35,M,1,Tuesday,23,0
1859,45,F,1,Thursday,19,0
1860,44,M,1,Saturday,4,1
1861,37,M,0,Monday,5,0
1862,54,M,1,Thursday,29,0
1863,54,M,1,Wednesday,23,1
1864,8,F,0,Wednesday,10,1
1865,63,F,1,Tuesday,7,0
1866,10,M,0,Friday,6,0
1867,58,F,0,Wednesday,3,0
1868,60,F,0,Thursday,5,0
1869,20,M,0,Tuesday,15,0
1870,32,M,0,Tuesday,19,0
1871,20,M,1,Monday,14,1
1872,36,M,0,Thursday,13,1
1873,34,M,0,Tuesday,22,0
1874,54,F,0,Thursday,11,0
1875,63,M,1,Wednesday,28,0
1876,65,M,1,Wednesday,11,0
1877,29,M,1,Wednesday,15,0
1878,36,F,1,Wednesday,14,0
1879,9,M,1,Monday,28,0
1880,25,M,0,Tuesday,12,0
1881,57,M,1,Thursday,10,0
1882,69,F,1,Thursday,29,0
1883,17,M,1,Tuesday,16,0
1884,29,M,0,Wednesday,20,1
1885,39,M,1,Tuesday,14,0
1886,45,F,0,Tuesday,13,0
1887,25,M,1,Monday,9,0
1888,47,M,1,Friday,11,0
1889,31,M,0,Tuesday,15,0
1890,39,F,1,Tuesday,14,0
1891,49,M,0,Tuesday,9,1
1892,40,M,1,Monday,3,0
1893,32,M,1,Thursday,26,0
1894,38,F,0,Monday,22,0
1895,38,F,0,Monday,28,1
1896,33,M,1,Thursday,8,0
1897,35,F,0,Tuesday,20,0
1898,68,F,0,Thursday,19,1
1899,50,F,0,Thursday,8,0
1900,34,M,1,Tuesday,20,0
1901,52,M,1,Thursday,24,0
1902,33,F,0,Monday,23,1
1903,61,F,0,Wednesday,19,0
1904,46,F,0,Wednesday,10,1
1905,38,M,0,Tuesday,10,0
1906,48,M,1,Thursday,6,1
1907,11,F,1,Friday,20,0
1908,19,F,0,Saturday,9,0
1909,18,F,0,Thursday,3,1
1910,42,F,0,Wednesday,4,1
1911,71,M,1,Tuesday,4,0
1912,80,F,1,Tuesday,10,0
1913,51,M,1,Wednesday,8,0
1914,49,F,0,Wednesday,27,0
1915,7,F,0,Saturday,15,0
1916,30,F,0,Wednesday,8,1
1917,25,F,0,Wednesday,21,0
1918,28,F,1,Wednesday,29,0
1919,36,M,1,Friday,3,0
1920,31,F,1,Thursday,1,0
1921,4,F,1,Thursday,13,0
1922,53,F,0,Tuesday,2,1
1923,20,M,1,Friday,17,0
1924,44,M,0,Monday,20,1
1925,77,M,0,Friday,5,1
1926,23,M,1,Wednesday,10,0
1927,0,F,0,Wednesday,20,0
1928,34,F,1,Wednesday,17,0
1929,59,F,0,Thursday,11,0
1930,75,M,1,Monday,4,0
1931,17,F,1,Friday,8,0
1932,48,F,0,Wednesday,19,0
1933,31,M,1,Tuesday,27,0
1934,38,M,0,Monday,25,0
1935,87,M,1,Wednesday,17,0
1936,12,F,1,Wednesday,18,0
1937,44,F,1,Wednesday,2,0
1938,48,M,1,Thursday,8,0
1939,59,F,0,Wednesday,3,0
1940,41,M,1,Saturday,16,0
1941,45,M,1,Thursday,16,0
1942,32,F,1,Friday,22,0
1943,44,M,0,Monday,22,0
1944,33,M,1,Wednesday,1,0
1945,51,M,1,Tuesday,8,0
1946,33,F,0,Thursday,8,0
1947,46,M,1,Friday,4,1
1948,39,M,0,Monday,14,0
1949,60,M,1,Monday,14,1
1950,39,M,1,Friday,2,0
1951,8,M,1,Tuesday,18,0
1952,62,M,1,Thursday,27,0
1953,23,M,1,Thursday,2,0
1954,28,F,0,Friday,5,0
1955,29,F,0,Monday,3,0
1956,64,M,1,Monday,23,0
1957,1,F,0,Thursday,12,0
1958,96,F,0,Saturday,26,0
1959,59,M,1,Wednesday,12,0
1960,44,F,0,Tuesday,26,0
1961,39,M,0,Thursday,10,0
1962,45,M,1,Saturday,4,1
1963,49,M,0,Friday,0,0
1964,51,M,1,Saturday,8,0
1965,50,M,1,Monday,16,0
1966,41,F,1,Monday,21,1
1967,36,M,0,Thursday,0,0
1968,37,F,1,Friday,2,0
1969,36,M,1,Tuesday,14,0
1970,60,M,1,Tuesday,25,0
1971,50,M,0,Friday,20,0
1972,0,F,1,Monday,25,0
1973,51,M,1,Wednesday,22,1
1974,43,M,1,Wednesday,29,0
1975,39,M,1,Thursday,9,0
1976,33,M,1,Friday,7,0
1977,60,F,1,Tuesday,11,0
1978,57,M,0,Thursday,24,0
1979,26,F,1,Thursday,21,0
1980,47,M,0,Thursday,14,0
1981,22,F,1,Thursday,26,0
1982,15,F,0,Tuesday,8,1
1983,28,M,1,Monday,23,0
1984,55,M,0,Monday,24,0
1985,57,F,1,Tuesday,9,0
1986,49,M,1,Wednesday,19,1
1987,53,M,0,Friday,8,0
1988,49,M,0,Thursday,14,0
1989,28,F,0,Friday,22,1
1990,47,M,1,Tuesday,20,0
1991,54,M,1,Wednesday,20,1
1992,53,M,1,Wednesday,0,0
1993,61,F,0,Tuesday,1,0
1994,52,M,1,Monday,25,0
1995,46,F,1,Thursday,18,1
1996,59,M,1,Saturday,29,0
1997,39,F,1,Monday,13,1
1998,24,M,0,Monday,7,0
1999,37,M,0,Friday,5,1
2000,26,F,0,Tuesday,11,0
